,category,value
0,A,11.5
1,B,15.666666666666666
2,C,27.666666666666668
